{"eval/precision":0.4800640429707675,"train/loss":0.5818,"eval/samples_per_second":3048.405,"train/learning_rate":2.980423850574713e-05,"_timestamp":1.7439492571755555e+09,"_step":25,"eval/loss":0.7614227533340454,"train/grad_norm":2.510544776916504,"eval/f1":0.589242131287838,"eval/recall":0.7626979568392549,"eval/steps_per_second":23.884,"_wandb":{"runtime":590},"eval/accuracy":0.5660952253398513,"eval/runtime":9.7973,"train/global_step":4500,"_runtime":587.391886985,"train/epoch":1.2122844827586208}