{"train_loss":0.5313046587775735,"eval/f1":0.6140520419485307,"train/grad_norm":5.9926838874816895,"eval/samples_per_second":3015.157,"_wandb":{"runtime":1132},"_timestamp":1.7439559156897523e+09,"eval/runtime":9.9053,"train/global_step":8500,"train/epoch":2.2898706896551726,"train_samples_per_second":630.841,"eval/loss":0.7968399524688721,"eval/steps_per_second":23.624,"eval/recall":0.7038647739394437,"train/loss":0.3481,"eval/accuracy":0.638953994508806,"total_flos":1.8535591185609523e+17,"_runtime":1131.973147845,"eval/precision":0.5445657694261046,"train_runtime":1129.6541,"train_steps_per_second":9.858,"train/learning_rate":1.185344827586207e-05,"_step":51}