{"train_samples_per_second":826.214,"train_loss":0.4576380670720881,"total_flos":1.1993858360932762e+17,"train/loss":0.3654,"train/epoch":1.4816810344827587,"eval/f1":0.6880360205831904,"_runtime":865.405595091,"_wandb":{"runtime":865},"train/learning_rate":1.0129310344827588e-05,"train/grad_norm":7.41953182220459,"eval/samples_per_second":2308.848,"train/global_step":5500,"train_runtime":862.5272,"_timestamp":1.7440850868230147e+09,"eval/loss":0.6346203684806824,"eval/steps_per_second":18.09,"train_steps_per_second":12.911,"eval/accuracy":0.7076943681778611,"eval/precision":0.6094195100335507,"eval/runtime":12.9355,"_step":33,"eval/recall":0.789940100106671}