{"eval/f1":0.5843767371681182,"eval/f1_class_0":0.2848553860168527,"eval/f1_weighted":0.40707686550792865,"_timestamp":1.743951340311572e+09,"train_samples_per_second":3579.833,"test/f1":0.5843767371681182,"test/accuracy":0.4742851402933101,"total_flos":32712753217536000,"train/loss":0.6643,"eval/precision":0.4313403673309887,"_step":13,"train/epoch":0.4040948275862069,"eval/f1_class_1":0.5843767371681182,"confusion_matrix":{"size":20299,"path":"media/images/confusion_matrix_13_393affaf4de6bebddb49.png","format":"png","width":600,"height":600,"_type":"image-file","sha256":"393affaf4de6bebddb499a2f3e85279b904d21ab1c3df0bd4fe08cea625595ef"},"eval/runtime":9.7471,"test/precision":0.4313403673309887,"train/global_step":1500,"eval/samples_per_second":3064.088,"eval/recall":0.9057192089931895,"eval/steps_per_second":24.007,"train_loss":0.68289404296875,"eval/recall_class_1":0.9057192089931895,"test/loss":0.720587432384491,"eval/loss":0.720587432384491,"eval/recall_class_0":0.17687652016516772,"_wandb":{"runtime":21},"train_runtime":199.0685,"train_steps_per_second":55.941,"test/recall":0.9057192089931895,"test/samples_per_second":2961.614,"train/learning_rate":4.327855603448276e-05,"eval/accuracy":0.4742851402933101,"test/steps_per_second":23.204,"train/grad_norm":9.529078483581545,"test/runtime":10.0844,"_runtime":21.617081466}