{"eval/loss":0.7180944681167603,"train/global_step":2000,"eval/runtime":10.5012,"eval/recall":0.9417411996389595,"eval/steps_per_second":22.283,"_runtime":72.151301588,"eval/precision":0.41988000292675787,"eval/f1_class_0":0.18029785760229577,"eval/f1_weighted":0.34372725121771536,"eval/accuracy":0.44528895734279783,"test/f1":0.5808051415703044,"_timestamp":1.743934293496942e+09,"eval/f1":0.5808051415703044,"eval/recall_class_0":0.1030601278352848,"train/epoch":0.5387931034482759,"test/steps_per_second":23.325,"eval/f1_class_1":0.5808051415703044,"test/samples_per_second":2976.986,"eval/recall_class_1":0.9417411996389595,"test/runtime":10.0323,"test/precision":0.41988000292675787,"eval/samples_per_second":2844.045,"test/accuracy":0.44528895734279783,"test/recall":0.9417411996389595,"_step":3,"test/loss":0.7180944681167603,"confusion_matrix":{"path":"media/images/confusion_matrix_3_a3636ed5daf47ae0c4eb.png","format":"png","width":600,"height":600,"_type":"image-file","sha256":"a3636ed5daf47ae0c4ebe4b66bcb0d90c34afdea773db79b61e411a45c27a03a","size":20214},"_wandb":{"runtime":74}}