{"train_runtime":1061.28,"eval/f1_weighted":0.5719135170747004,"train_samples_per_second":671.483,"eval/recall_class_0":0.4508173539227332,"total_flos":109034332536815620,"eval/precision":0.48740826777889235,"eval/runtime":17.6876,"train_steps_per_second":10.493,"eval/f1_class_0":0.5572647182212278,"test/samples_per_second":1656.928,"eval/f1_class_1":0.5931637111282446,"eval/loss":0.7009316682815552,"_step":34,"eval/f1":0.5931637111282446,"_runtime":37.603932606,"confusion_matrix":{"_type":"image-file","sha256":"aa4c8dc708665b14d0e636621ec3fb337cc49a4aa842e454757c8b9c07007742","size":20545,"path":"media/images/confusion_matrix_34_aa4c8dc708665b14d0e6.png","format":"png","width":600,"height":600},"eval/recall_class_1":0.7575285139903175,"test/recall":0.7575285139903175,"_wandb":{"runtime":37},"test/precision":0.48740826777889235,"test/accuracy":0.5759726779615616,"eval/recall":0.7575285139903175,"test/loss":0.7009316682815552,"test/f1":0.5931637111282446,"train/grad_norm":3.0543956756591797,"eval/steps_per_second":13.23,"train/learning_rate":2.755926724137931e-05,"test/runtime":18.0249,"test/steps_per_second":12.982,"eval/accuracy":0.5759726779615616,"train_loss":0.6174895782470703,"_timestamp":1.7439540274031758e+09,"train/loss":0.537,"train/global_step":5000,"eval/samples_per_second":1688.53,"train/epoch":1.3469827586206897}