{"train/loss":0.2828,"eval/steps_per_second":9.253,"eval/loss":0.8041564226150513,"_runtime":2318.230900765,"train/grad_norm":3.7936882972717285,"eval/recall":0.7951095429556084,"_wandb":{"runtime":2318},"train/learning_rate":6.106321839080461e-07,"train_loss":0.41544965765942105,"_step":55,"train/epoch":3,"eval/precision":0.5637326196986445,"train_samples_per_second":307.673,"_timestamp":1.743714062059962e+09,"train/global_step":11136,"eval/samples_per_second":1180.988,"eval/accuracy":0.6653050291301145,"eval/runtime":25.289,"train_runtime":2316.2007,"eval/f1":0.6597222222222222,"total_flos":2.428349453220741e+17,"train_steps_per_second":4.808}