{"train/global_step":2000,"_wandb":{"runtime":273},"eval/loss":0.6782122254371643,"train/learning_rate":4.102909482758621e-05,"train/loss":0.6663,"train_runtime":264.1886,"_timestamp":1.743933172269292e+09,"eval/recall":0.5853778616558628,"eval/steps_per_second":23.98,"eval/samples_per_second":3060.688,"eval/accuracy":0.5910734614611933,"train_samples_per_second":2697.436,"train/epoch":0.5387931034482759,"_runtime":270.836873975,"total_flos":4.3617004290048e+16,"_step":12,"train_loss":0.6858451766967774,"eval/precision":0.49909052749405347,"eval/f1":0.5388014047807862,"train_steps_per_second":42.152,"eval/runtime":9.7579,"train/grad_norm":8.565154075622559}