{"eval/recall":0.7805858701895463,"_timestamp":1.7440258829043865e+09,"train_runtime":663.5323,"eval/samples_per_second":3166.783,"_wandb":{"runtime":669},"train/global_step":5000,"eval/runtime":9.431,"train/epoch":1.3469827586206897,"train/learning_rate":2.7563757183908045e-05,"total_flos":1.0903433253681562e+17,"_runtime":667.79900929,"train_samples_per_second":1073.997,"eval/f1":0.6573155985489721,"eval/precision":0.5676691729323309,"train_loss":0.491407373046875,"_step":30,"train/loss":0.3662,"eval/loss":0.7133193612098694,"eval/steps_per_second":24.812,"eval/accuracy":0.6678832116788321,"train/grad_norm":3.413978338241577,"train_steps_per_second":16.783}