{"train/global_step":11136,"train_loss":0.42398791922920054,"eval/samples_per_second":316.457,"train_steps_per_second":1.692,"eval/runtime":94.3763,"eval/steps_per_second":2.479,"train_samples_per_second":108.3,"_wandb":{"runtime":6582},"_timestamp":1.743675922060836e+09,"train/loss":0.2776,"train/grad_norm":4.870388507843018,"eval/loss":0.7843388915061951,"_step":47,"_runtime":6582.214304259,"train/learning_rate":6.106321839080461e-07,"train/epoch":3,"total_flos":2.428349453220741e+17,"train_runtime":6580.1593}