,precision,recall,f1-score,support
0,0.8619136960600375,0.6496408167882799,0.7408721455296091,17679.0
1,0.6255365455534732,0.8490194469516699,0.720342522974102,12187.0
accuracy,0.7309984597870488,0.7309984597870488,0.7309984597870488,0.7309984597870488
macro avg,0.7437251208067553,0.7493301318699749,0.7306073342518555,29866.0
weighted avg,0.7654585854585677,0.7309984597870488,0.7324949102090451,29866.0
