{"eval/loss":0.7599070072174072,"train/loss":0.537,"eval/samples_per_second":1681.436,"eval/precision":0.4895490775319101,"train/global_step":5000,"_runtime":1063.670846587,"train_samples_per_second":671.483,"_wandb":{"runtime":1064},"_step":30,"total_flos":1.0903433253681562e+17,"train_loss":0.6174895782470703,"eval/runtime":17.7622,"eval/f1":0.5830456718003186,"eval/recall":0.7206859768605891,"train/grad_norm":3.0543956756591797,"_timestamp":1.7439539879205914e+09,"train_runtime":1061.28,"train/epoch":1.3469827586206897,"eval/steps_per_second":13.174,"train/learning_rate":2.755926724137931e-05,"train_steps_per_second":10.493,"eval/accuracy":0.5793879327663564}