{"test/runtime":10.2042,"eval/samples_per_second":3030.373,"test/samples_per_second":2926.848,"test/accuracy":0.540983057657537,"eval/f1_class_0":0.471531552368837,"eval/steps_per_second":23.743,"train/loss":0.573,"eval/recall_class_1":0.8239107245425453,"eval/f1_weighted":0.5216280570566761,"eval/f1":0.5943002574650055,"test/steps_per_second":22.932,"total_flos":109034332536815620,"train_samples_per_second":1075.325,"train_loss":0.6415145050048828,"eval/recall_class_0":0.3459471689575202,"train_steps_per_second":16.804,"eval/loss":0.7706249952316284,"eval/recall":0.8239107245425453,"_wandb":{"runtime":32},"train/grad_norm":3.253324031829834,"eval/f1_class_1":0.5943002574650055,"test/loss":0.7706249952316284,"_step":34,"eval/runtime":9.8556,"test/recall":0.8239107245425453,"train_runtime":662.7129,"train/global_step":5000,"_timestamp":1.7439502222201877e+09,"confusion_matrix":{"sha256":"094e450561214b3419d2f460c03b0396331e0fe694fa00daa6736d92fb9b6cba","size":17506,"path":"media/images/confusion_matrix_34_094e450561214b3419d2.png","format":"png","width":600,"height":600,"_type":"image-file"},"eval/precision":0.46477504165895206,"eval/accuracy":0.540983057657537,"train/learning_rate":2.7563757183908045e-05,"test/f1":0.5943002574650055,"test/precision":0.46477504165895206,"train/epoch":1.3469827586206897,"_runtime":32.576190997}