{"test/loss":0.8372695446014404,"_timestamp":1.7437094613236775e+09,"eval/f1_class_0":0.6406840980101957,"eval/f1_weighted":0.6352946124840138,"eval/recall_class_1":0.7549848198900467,"_step":2,"test/f1":0.6274763869471818,"test/accuracy":0.6341994240942879,"test/samples_per_second":608.318,"confusion_matrix":{"height":600,"_type":"image-file","sha256":"af6796afddbedc5a183c20ae8021c947e2db59fde0bb35d50d3e7933ed296265","size":20633,"path":"media/images/confusion_matrix_2_af6796afddbedc5a183c.png","format":"png","width":600},"eval/recall_class_0":0.5509361389218848,"test/recall":0.7549848198900467,"test/runtime":49.096,"eval/accuracy":0.6341994240942879,"eval/f1_class_1":0.6274763869471818,"_runtime":53.975967265,"_wandb":{"runtime":54},"test/precision":0.5368144690781796,"test/steps_per_second":4.766}