{"train_steps_per_second":55.941,"eval/accuracy":0.6121676823143374,"_runtime":201.173148538,"eval/precision":0.5269066286528866,"total_flos":3.2712753217536e+16,"train_samples_per_second":3579.833,"eval/samples_per_second":3047.947,"train_runtime":199.0685,"train/grad_norm":9.529078483581543,"train/loss":0.6643,"eval/runtime":9.7987,"eval/steps_per_second":23.881,"_timestamp":1.743951317068017e+09,"eval/recall":0.4852711906129482,"train/global_step":1500,"eval/loss":0.6548007130622864,"train/learning_rate":4.327855603448276e-05,"eval/f1":0.5052325829738157,"train/epoch":0.4040948275862069,"train_loss":0.68289404296875,"_step":9,"_wandb":{"runtime":201}}