{"test/runtime":135.6423,"test/steps_per_second":1.725,"_wandb":{"runtime":274},"_runtime":274.383218158,"confusion_matrix":{"path":"media/images/confusion_matrix_3_a0a7995b078e63f48a40.png","format":"png","width":600,"height":600,"_type":"image-file","sha256":"a0a7995b078e63f48a40ba4b3c61921e9e7120971338c10cbf786798abaad2bd","size":20657},"test/loss":0.8265233039855957,"test/accuracy":0.6172570816312865,"eval/recall_class_0":0.5225974319814469,"eval/f1":0.6167052275089696,"test/recall":0.7545745466480677,"eval/recall_class_1":0.7545745466480677,"eval/loss":0.8265233039855957,"test/precision":0.5214334316171467,"eval/f1_class_1":0.6167052275089696,"eval/f1_weighted":0.6173576217065984,"eval/precision":0.5214334316171467,"eval/accuracy":0.6172570816312865,"test/samples_per_second":220.182,"eval/steps_per_second":1.708,"eval/samples_per_second":217.975,"train/epoch":3,"eval/runtime":137.016,"eval/f1_class_0":0.6178073489585074,"train/global_step":11136,"_timestamp":1.7437323465604086e+09,"eval/recall":0.7545745466480677,"test/f1":0.6167052275089696,"_step":3}