{"test/steps_per_second":2.446,"test/accuracy":0.6077814236924931,"eval/f1_class_0":0.6136543535620053,"train/global_step":11136,"eval/recall_class_1":0.726101583654714,"eval/f1_class_1":0.6017271861825105,"confusion_matrix":{"width":600,"height":600,"_type":"image-file","sha256":"b0d12e8163f1caff48a7dc0ad1e8a3714adab4601162e0cb3a83f6cee87fe98e","size":19960,"path":"media/images/confusion_matrix_10_b0d12e8163f1caff48a7.png","format":"png"},"eval/f1_weighted":0.6087874015478787,"eval/recall_class_0":0.5262175462413032,"_wandb":{"runtime":5306},"_step":10,"test/loss":0.8401371240615845,"eval/samples_per_second":317.931,"_timestamp":1.7437045297453883e+09,"eval/steps_per_second":2.491,"eval/precision":0.5137300435413643,"_runtime":5274.695882349,"test/recall":0.726101583654714,"test/precision":0.5137300435413643,"train/epoch":3,"eval/recall":0.726101583654714,"test/samples_per_second":312.185,"eval/loss":0.8401371240615845,"test/f1":0.6017271861825105,"eval/runtime":93.9386,"test/runtime":95.6676,"eval/f1":0.6017271861825105,"eval/accuracy":0.6077814236924931}