,precision,recall,f1-score,support
0,0.6556291390728477,0.3413793103448276,0.4489795918367347,290.0
1,0.3104693140794224,0.6231884057971014,0.41445783132530123,138.0
accuracy,0.4322429906542056,0.4322429906542056,0.4322429906542056,0.4322429906542056
macro avg,0.483049226576135,0.4822838580709645,0.43171871158101793,428.0
weighted avg,0.5443392889581452,0.4322429906542056,0.43784874382136596,428.0
