{"_runtime":668.531333062,"_step":30,"total_flos":1.0903433253681562e+17,"_wandb":{"runtime":669},"eval/samples_per_second":3021.179,"train/learning_rate":2.7563757183908045e-05,"train_runtime":662.7129,"train/loss":0.573,"eval/recall":0.7879707885451711,"eval/f1":0.5915545014938245,"train_samples_per_second":1075.325,"eval/steps_per_second":23.671,"eval/precision":0.4735207100591716,"train/global_step":5000,"_timestamp":1.7439501733031054e+09,"eval/accuracy":0.5559833924864395,"train/epoch":1.3469827586206897,"train_steps_per_second":16.804,"eval/loss":0.7831993699073792,"eval/runtime":9.8855,"train/grad_norm":3.253324031829834,"train_loss":0.6415145050048828}