{"test/recall":0.7727906785919423,"eval/recall_class_0":0.5196560891453137,"eval/precision":0.5258514796203239,"eval/loss":0.7322272658348083,"eval/accuracy":0.622949172972611,"eval/f1_class_0":0.6200101231651763,"train/global_step":8500,"confusion_matrix":{"size":20538,"path":"media/images/confusion_matrix_55_f84d6b084a20a1017ebd.png","format":"png","width":600,"height":600,"_type":"image-file","sha256":"f84d6b084a20a1017ebd1a0172775ee0e55f497555ecb3c4f3d56208e6494559"},"_wandb":{"runtime":21},"total_flos":185355911856095230,"train_runtime":1129.6541,"test/f1":0.6258431072864405,"_runtime":21.773487181,"test/samples_per_second":2937.712,"test/runtime":10.1664,"train/learning_rate":1.185344827586207e-05,"train/loss":0.3481,"eval/samples_per_second":3045.628,"test/loss":0.7322272658348083,"_step":55,"test/precision":0.5258514796203239,"eval/recall_class_1":0.7727906785919423,"eval/f1_class_1":0.6258431072864405,"eval/runtime":9.8062,"train/grad_norm":5.9926838874816895,"eval/steps_per_second":23.862,"train_loss":0.5313046587775735,"train_steps_per_second":9.858,"test/steps_per_second":23.017,"train/epoch":2.2898706896551726,"_timestamp":1.7439559390706918e+09,"eval/f1":0.6258431072864405,"train_samples_per_second":630.841,"test/accuracy":0.622949172972611,"eval/f1_weighted":0.6223903072368916,"eval/recall":0.7727906785919423}