{"eval/steps_per_second":4.514,"eval/f1":0.6274763869471818,"_wandb":{"runtime":53},"_step":0,"train/global_step":11136,"eval/loss":0.8372695446014404,"train/epoch":3,"eval/accuracy":0.6341994240942879,"eval/precision":0.5368144690781796,"eval/samples_per_second":576.113,"_timestamp":1.7437093142569985e+09,"eval/recall":0.7549848198900467,"eval/runtime":51.8406,"_runtime":53.8255951}