{"_step":4,"eval/samples_per_second":3021.819,"test/recall":0.7746779355050464,"eval/steps_per_second":23.676,"test/samples_per_second":3030.709,"test/precision":0.5729457458429421,"eval/f1_class_0":0.6850999452795571,"eval/runtime":9.8834,"eval/f1_weighted":0.6743324784279502,"eval/precision":0.5729457458429421,"test/f1":0.658712715855573,"confusion_matrix":{"format":"png","width":600,"height":600,"_type":"image-file","sha256":"05a9e034be0c2e6991758b68a65ae434c7f7d8670433e28062c4658bf245442d","size":21332,"path":"media/images/confusion_matrix_4_05a9e034be0c2e699175.png"},"test/runtime":9.8545,"eval/f1_class_1":0.658712715855573,"eval/accuracy":0.6724368847518918,"test/steps_per_second":23.746,"train/epoch":2.0204741379310347,"eval/recall_class_0":0.6019571242717349,"eval/loss":0.6806483268737793,"eval/recall":0.7746779355050464,"test/loss":0.6806483268737793,"test/accuracy":0.6724368847518918,"_timestamp":1.7439402413544924e+09,"_runtime":1404.287293698,"eval/f1":0.658712715855573,"_wandb":{"runtime":1405},"eval/recall_class_1":0.7746779355050464,"train/global_step":7500}