,precision,recall,f1-score,support
0,0.7176470588235294,0.2103448275862069,0.3253333333333333,290.0
1,0.3323615160349854,0.8260869565217391,0.47401247401247404,138.0
accuracy,0.4088785046728972,0.4088785046728972,0.4088785046728972,0.4088785046728972
macro avg,0.5250042874292574,0.518215892053973,0.39967290367290365,428.0
weighted avg,0.5934194772702138,0.4088785046728972,0.3732719347672619,428.0
