{"test/steps_per_second":4.314,"train/global_step":5000,"eval/recall":0.7965044719783376,"eval/loss":0.6251294016838074,"train_steps_per_second":3.396,"eval/runtime":54.131,"test/loss":0.6251294016838074,"train_samples_per_second":217.294,"_timestamp":1.7440928142038782e+09,"test/accuracy":0.7100716533851202,"train/grad_norm":9.39387035369873,"eval/recall_class_1":0.7965044719783376,"eval/f1_weighted":0.7122352150672011,"total_flos":84189223049871360,"test/runtime":54.2441,"_runtime":110.465120627,"_step":34,"eval/f1":0.6915541623624123,"train_loss":0.47508385009765625,"eval/samples_per_second":551.735,"test/recall":0.7965044719783376,"eval/recall_class_0":0.6504892810679337,"train_runtime":3279.5812,"_wandb":{"runtime":110},"train/epoch":1.3469827586206897,"test/f1":0.6915541623624123,"eval/precision":0.6110411683243108,"confusion_matrix":{"width":600,"height":600,"_type":"image-file","sha256":"751e739f77e3569890a3fee6f2645d272a6b790a913200c34f3b81c15ff5e5ed","size":17692,"path":"media/images/confusion_matrix_34_751e739f77e3569890a3.png","format":"png"},"test/samples_per_second":550.585,"eval/f1_class_0":0.72649167693231,"train/loss":0.3796,"eval/accuracy":0.7100716533851202,"eval/f1_class_1":0.6915541623624123,"test/precision":0.6110411683243108,"train/learning_rate":1.1027298850574712e-05,"eval/steps_per_second":4.323}