{"eval/steps_per_second":18.336,"train/global_step":5500,"eval/recall":0.8210388118486912,"test/precision":0.5986239904277595,"eval/loss":0.6281986236572266,"_timestamp":1.744085290992744e+09,"test/recall":0.8210388118486912,"train/learning_rate":1.0129310344827588e-05,"test/runtime":13.0743,"test/accuracy":0.7023371057389673,"train/grad_norm":7.41953182220459,"test/steps_per_second":17.898,"eval/f1_class_1":0.6924088298387655,"_step":37,"eval/recall_class_1":0.8210388118486912,"eval/runtime":12.7619,"_runtime":74.044168257,"eval/accuracy":0.7023371057389673,"train/epoch":1.4816810344827587,"total_flos":119938583609327620,"test/loss":0.6281986236572266,"eval/recall_class_0":0.6205102098534985,"train_samples_per_second":826.214,"eval/f1_class_0":0.7116445021083361,"eval/f1":0.6924088298387655,"eval/samples_per_second":2340.243,"train_loss":0.4576380670720881,"train_runtime":862.5272,"eval/precision":0.5986239904277595,"test/f1":0.6924088298387655,"confusion_matrix":{"sha256":"1bda4ac092f42b22dc0db138f98cd83906576d16f82e62e384bba9dd4f380b63","size":21605,"path":"media/images/confusion_matrix_37_1bda4ac092f42b22dc0d.png","format":"png","width":600,"height":600,"_type":"image-file"},"eval/f1_weighted":0.7037952709441608,"train_steps_per_second":12.911,"test/samples_per_second":2284.334,"train/loss":0.3654,"_wandb":{"runtime":74}}