{"eval/runtime":9.9256,"total_flos":1.6354740971107123e+17,"_wandb":{"runtime":1001},"train_runtime":986.6075,"train_loss":0.48288116556803384,"eval/samples_per_second":3008.989,"_step":45,"train/learning_rate":1.6338900862068968e-05,"train/epoch":2.0204741379310347,"train/global_step":7500,"train/loss":0.3536,"eval/f1":0.652972742457088,"eval/accuracy":0.6730395767762674,"eval/loss":0.7986699342727661,"train/grad_norm":3.4077565670013428,"eval/recall":0.7538360548125052,"_timestamp":1.743938667013583e+09,"_runtime":996.381775904,"train_samples_per_second":722.306,"eval/precision":0.5759152457372116,"eval/steps_per_second":23.575,"train_steps_per_second":11.287}