,precision,recall,f1-score,support
0,0.6635487924054168,0.537700096159285,0.5940321824714888,17679.0
1,0.4740669240669241,0.6044965947320916,0.5313953907743355,12187.0
accuracy,0.5649568070715865,0.5649568070715865,0.5649568070715865,0.5649568070715865
macro avg,0.5688078582361704,0.5710983454456884,0.5627137866229122,29866.0
weighted avg,0.5862295822855075,0.5649568070715865,0.5684728648389565,29866.0
