,precision,recall,f1-score,support
0,0.6829896907216495,0.9137931034482759,0.7817109144542773,290.0
1,0.375,0.10869565217391304,0.16853932584269662,138.0
accuracy,0.6542056074766355,0.6542056074766355,0.6542056074766355,0.6542056074766355
macro avg,0.5289948453608248,0.5112443778110944,0.47512512014848696,428.0
weighted avg,0.5836846035263513,0.6542056074766355,0.5840060564440013,428.0
