{"eval/samples_per_second":220.353,"eval/loss":0.8219948410987854,"train_steps_per_second":1.06,"total_flos":2.428349453220741e+17,"_runtime":10507.557164637,"eval/steps_per_second":1.726,"train/loss":0.3605,"train/learning_rate":6.106321839080461e-07,"eval/f1":0.6169626042507399,"eval/runtime":135.5368,"train/global_step":11136,"train/grad_norm":5.532758712768555,"train_loss":0.48945753533264685,"train/epoch":3,"_step":55,"_wandb":{"runtime":10508},"_timestamp":1.7437320700968177e+09,"train_runtime":10505.3487,"eval/accuracy":0.618629880131253,"eval/precision":0.5227078466009459,"train_samples_per_second":67.835,"eval/recall":0.7526872897349635}