{"eval/f1_class_1":0.6599877325700266,"_runtime":52.666591401,"eval/f1_class_0":0.671625090502205,"test/steps_per_second":9.144,"eval/f1_weighted":0.6668763969670995,"_timestamp":1.7437141163747056e+09,"eval/precision":0.5643685529459759,"_wandb":{"runtime":52},"eval/recall_class_1":0.7946172150652334,"test/accuracy":0.66590772115449,"eval/recall":0.7946172150652334,"eval/steps_per_second":9.127,"test/runtime":25.5914,"test/samples_per_second":1167.031,"_step":3,"test/loss":0.8081713318824768,"test/f1":0.6599877325700266,"eval/f1":0.6599877325700266,"train/epoch":3,"eval/accuracy":0.66590772115449,"eval/loss":0.8081713318824768,"train/global_step":11136,"eval/recall_class_0":0.577181967305843,"test/recall":0.7946172150652334,"test/precision":0.5643685529459759,"eval/samples_per_second":1164.876,"confusion_matrix":{"_type":"image-file","sha256":"e00cc8cc47f153567219e9b4362b5c14ad2ec6e3f2f800faa2a4e41d218bf776","size":21517,"path":"media/images/confusion_matrix_3_e00cc8cc47f153567219.png","format":"png","width":600,"height":600},"eval/runtime":25.6388}