,precision,recall,f1-score,support
0,0.7461538461538462,0.6689655172413793,0.7054545454545454,290.0
1,0.42857142857142855,0.5217391304347826,0.47058823529411764,138.0
accuracy,0.6214953271028038,0.6214953271028038,0.6214953271028038,0.6214953271028038
macro avg,0.5873626373626374,0.5953523238380809,0.5880213903743315,428.0
weighted avg,0.6437557769333471,0.6214953271028038,0.6297266230196411,428.0
