,precision,recall,f1-score,support
0,0.6855670103092784,0.9172413793103448,0.7846607669616519,290.0
1,0.4,0.11594202898550725,0.1797752808988764,138.0
accuracy,0.6588785046728972,0.6588785046728972,0.6588785046728972,0.6588785046728972
macro avg,0.5427835051546392,0.516591704147926,0.48221802393026414,428.0
weighted avg,0.5934916658637633,0.6588785046728972,0.5896275962217851,428.0
