{"total_flos":2.428349453220741e+17,"train/grad_norm":6.743258953094482,"train_loss":0.46891826322709007,"train_samples_per_second":174.741,"eval/steps_per_second":4.73,"_step":55,"train_steps_per_second":2.731,"eval/precision":0.5385203931493143,"eval/f1":0.6271848653094797,"eval/runtime":49.4761,"train/loss":0.3273,"train/learning_rate":6.106321839080461e-07,"eval/loss":0.8346856832504272,"eval/recall":0.7508000328218594,"_runtime":4080.611567749,"train/epoch":3,"_timestamp":1.7437092579151094e+09,"eval/accuracy":0.6357731199357128,"train_runtime":4078.23,"eval/samples_per_second":603.645,"_wandb":{"runtime":4081},"train/global_step":11136}