{"train/grad_norm":3.413978338241577,"train/epoch":1.3469827586206897,"_wandb":{"runtime":179},"test/steps_per_second":23.944,"eval/runtime":9.3603,"_timestamp":1.7440260665364335e+09,"test/runtime":9.773,"test/accuracy":0.6767226947030067,"train/global_step":5000,"test/samples_per_second":3055.969,"test/recall":0.7754164273406089,"eval/f1_weighted":0.678713100322364,"eval/recall_class_1":0.7754164273406089,"eval/f1":0.6618805813342672,"eval/precision":0.5773460410557185,"eval/loss":0.653195321559906,"eval/samples_per_second":3190.708,"_step":34,"train/loss":0.3662,"train_loss":0.491407373046875,"_runtime":179.347085825,"train_runtime":663.5323,"eval/f1_class_1":0.6618805813342672,"test/precision":0.5773460410557185,"test/f1":0.6618805813342672,"eval/accuracy":0.6767226947030067,"train/learning_rate":2.7563757183908045e-05,"train_steps_per_second":16.783,"eval/recall_class_0":0.6086882742236552,"eval/f1_class_0":0.6903165795297815,"confusion_matrix":{"path":"media/images/confusion_matrix_34_2ffaa13dafde31886d04.png","format":"png","width":600,"height":600,"_type":"image-file","sha256":"2ffaa13dafde31886d04c3e49682d4fbe94d839549c88eb2edb697ec8de9ec12","size":21485},"test/loss":0.653195321559906,"total_flos":109034332536815620,"eval/steps_per_second":24.999,"eval/recall":0.7754164273406089,"train_samples_per_second":1073.997}