,precision,recall,f1-score,support
0,0.7060518731988472,0.8448275862068966,0.7692307692307693,290.0
1,0.4444444444444444,0.2608695652173913,0.3287671232876712,138.0
accuracy,0.6565420560747663,0.6565420560747663,0.6565420560747663,0.6565420560747663
macro avg,0.5752481588216458,0.552848575712144,0.5489989462592202,428.0
weighted avg,0.6217018143948575,0.6565420560747663,0.6272121170341629,428.0
