{"train/learning_rate":6.106321839080461e-07,"eval/loss":0.8406267762184143,"eval/precision":0.5132360574427591,"train_runtime":7372.1916,"_runtime":7374.963059874,"total_flos":2.428349453220741e+17,"train/grad_norm":6.039696216583252,"_wandb":{"runtime":7390},"_step":55,"eval/steps_per_second":2.47,"train_steps_per_second":1.511,"eval/runtime":94.7236,"eval/samples_per_second":315.296,"train_samples_per_second":96.665,"train_loss":0.507193888740978,"_timestamp":1.74369794736744e+09,"train/epoch":3,"eval/recall":0.7302043160745056,"train/global_step":11136,"train/loss":0.3939,"eval/f1":0.6027907606854975,"eval/accuracy":0.6073126632290899}