{"train/grad_norm":5.740943908691406,"train/learning_rate":6.106321839080461e-07,"eval/f1":0.6088245200404176,"eval/precision":0.5163686225218534,"eval/samples_per_second":315.15,"eval/steps_per_second":2.469,"train/epoch":3,"_wandb":{"runtime":7437},"_step":55,"train_samples_per_second":96.004,"eval/runtime":94.7676,"eval/recall":0.7416099122015262,"_timestamp":1.7436879572277286e+09,"train_runtime":7422.9434,"eval/loss":0.8321664929389954,"train_steps_per_second":1.5,"train/loss":0.3829,"total_flos":2.428349453220741e+17,"train_loss":0.5087972190873377,"eval/accuracy":0.6111297127168017,"_runtime":7430.75298054,"train/global_step":11136}