,precision,recall,f1-score,support
0,0.6751918158567775,0.9103448275862069,0.775330396475771,290.0
1,0.2972972972972973,0.07971014492753623,0.12571428571428572,138.0
accuracy,0.6425233644859814,0.6425233644859814,0.6425233644859814,0.6425233644859814
macro avg,0.48624455657703736,0.4950274862568716,0.4505223410950283,428.0
weighted avg,0.553347321554889,0.6425233644859814,0.5658747345947314,428.0
