,precision,recall,f1-score,support
0,0.9968454200649678,0.9973976402081152,0.9971214536796911,543353.0
1,0.9475402537656749,0.9370757659145111,0.9422789573687026,27255.0
accuracy,0.9945163755152399,0.9945163755152399,0.9945163755152399,0.9945163755152399
macro avg,0.9721928369153213,0.9672367030613132,0.9697002055241968,570608.0
weighted avg,0.9944903666701901,0.9945163755152399,0.9945019106011573,570608.0
