{"total_flos":8.418922304987136e+16,"train/global_step":5000,"train_runtime":3279.5812,"_timestamp":1.7440927016688285e+09,"eval/loss":0.7058238983154297,"_step":30,"eval/samples_per_second":550.45,"train/epoch":1.3469827586206897,"eval/runtime":54.2574,"train/grad_norm":9.39387035369873,"eval/f1":0.6842619087695674,"eval/recall":0.8339213916468368,"train_steps_per_second":3.396,"eval/accuracy":0.6859639724100984,"eval/precision":0.5801461354035848,"_wandb":{"runtime":3281},"train_loss":0.47508385009765625,"_runtime":3281.287891013,"train_samples_per_second":217.294,"train/learning_rate":1.1027298850574712e-05,"train/loss":0.3796,"eval/steps_per_second":4.313}